﻿<?xml version="1.0" encoding="iso-8859-1"?>

<rom gameUrl="index.html" previewUrl="title.jpg">
	<title>Get to the Spot</title>
	<author linkUrl="http://pixeldroid.com">pixeldroid</author>
	<description>A systems check for the control setup</description>
	<genre>
		<keyword>control</keyword>
		<keyword>demo</keyword>
	</genre>
	<players min="1" max="4" simultaneous="true" multiuser="false" />
	<rating type="E">control demo</rating>
	<release month="9" day="4" year="2009" />
</rom>
