<?xml version="1.0" encoding="utf-8"?>

<!-- 
	Config file for R-C4D3 romloader.
	
	for details of supported settings, see 
	http://r-c4d3.googlecode.com/svn/trunk/_documentation/romloader-api/ConfigDataProxy.html 
-->
<configuration>


	<!-- trace logging on when true -->
	<logging enabled="true" />

	<!-- rom to load -->
	<rom file="./rom.swf" 
	     id="pixeldroid.control-test.web" />

	<!-- not defining key mappings, using default values from romloader -->
	<keymappings />
	
	<!-- custom properties go here, e.g.
		<properties>
			<property name="scoreServer">http://my.scoreserver.com</property>
		</properties>
	-->
	<properties />


</configuration>
